,user_supplied_name,submitted_name,data_source_title,score,matched_name2
1,Abietinaria spp,Abietinaria spp,GBIF Backbone Taxonomy,0.75,Abietinaria
2,Acanthina lugubris,Acanthina lugubris,GBIF Backbone Taxonomy,0.988,Acanthina lugubris
3,Acanthina paucilirata,Acanthina paucilirata,GBIF Backbone Taxonomy,0.988,Acanthina paucilirata
4,Acanthinucella spp,Acanthinucella spp,GBIF Backbone Taxonomy,0.75,Acanthinucella
5,Acarnus erithacus,Acarnus erithacus,GBIF Backbone Taxonomy,0.988,Acarnus erithacus
6,Acmaea mitra,Acmaea mitra,GBIF Backbone Taxonomy,0.988,Acmaea mitra
7,Acrosiphonia spp,Acrosiphonia spp,GBIF Backbone Taxonomy,0.75,Acrosiphonia
8,Acrosorium ciliolatum,Acrosorium ciliolatum,GBIF Backbone Taxonomy,0.988,Acrosorium ciliolatum
9,Aeolidia papillosa,Aeolidia papillosa,GBIF Backbone Taxonomy,0.988,Aeolidia papillosa
10,Aglaophenia latirostris,Aglaophenia latirostris,GBIF Backbone Taxonomy,0.988,Aglaophenia latirostris
11,Ahnfeltia fastigiata,Ahnfeltia fastigiata,GBIF Backbone Taxonomy,0.988,Ahnfeltia fastigiata
12,Ahnfeltiopsis gigartinoides,Ahnfeltiopsis gigartinoides,GBIF Backbone Taxonomy,0.988,Ahnfeltiopsis gigartinoides
13,Ahnfeltiopsis leptophylla,Ahnfeltiopsis leptophylla,GBIF Backbone Taxonomy,0.75,Ahnfeltiopsis
14,Ahnfeltiopsis linearis,Ahnfeltiopsis linearis,GBIF Backbone Taxonomy,0.988,Ahnfeltiopsis linearis
15,Alaria marginata,Alaria marginata,GBIF Backbone Taxonomy,0.988,Alaria marginata
16,Alaria nana,Alaria nana,GBIF Backbone Taxonomy,0.988,Alaria nana
17,Alaria taeniata,Alaria taeniata,GBIF Backbone Taxonomy,0.988,Alaria taeniata
18,Alia spp,Alia spp,GBIF Backbone Taxonomy,0.75,Alia
19,Amphipholis squamata,Amphipholis squamata,GBIF Backbone Taxonomy,0.988,Amphipholis squamata
20,Amphiroa beauvoisii,Amphiroa beauvoisii,GBIF Backbone Taxonomy,0.988,Amphiroa beauvoisii
21,Amphissa columbiana,Amphissa columbiana,GBIF Backbone Taxonomy,0.988,Amphissa columbiana
22,Amphissa spp,Amphissa spp,GBIF Backbone Taxonomy,0.75,Amphissa
23,Amphissa versicolor,Amphissa versicolor,GBIF Backbone Taxonomy,0.988,Amphissa versicolor
24,Analipus japonicus,Analipus japonicus,GBIF Backbone Taxonomy,0.988,Analipus japonicus
25,Anisodoris nobilis,Anisodoris nobilis,GBIF Backbone Taxonomy,0.988,Anisodoris nobilis
26,Anthopleura artemisia,Anthopleura artemisia,GBIF Backbone Taxonomy,0.988,Anthopleura artemisia
27,Anthopleura elegantissima,Anthopleura elegantissima,GBIF Backbone Taxonomy,0.988,Anthopleura elegantissima
28,Anthopleura sola,Anthopleura sola,GBIF Backbone Taxonomy,0.988,Anthopleura sola
29,Anthopleura spp,Anthopleura spp,GBIF Backbone Taxonomy,0.75,Anthopleura
30,Anthopleura xanthogrammica,Anthopleura xanthogrammica,GBIF Backbone Taxonomy,0.988,Anthopleura xanthogrammica
31,Antithamnionella spp,Antithamnionella spp,GBIF Backbone Taxonomy,0.75,Antithamnionella
32,Aplidium arenatum/propinquum,Aplidium arenatum/propinquum,GBIF Backbone Taxonomy,0.75,Aplidium
33,Aplidium californicum/solidum,Aplidium californicum/solidum,GBIF Backbone Taxonomy,0.75,Aplidium
34,Aplysia californica,Aplysia californica,GBIF Backbone Taxonomy,0.988,Aplysia californica
35,Aplysina fistularis,Aplysina fistularis,GBIF Backbone Taxonomy,0.988,Aplysina fistularis
36,Archidistoma diaphanes,Archidistoma diaphanes,GBIF Backbone Taxonomy,0.988,Archidistoma diaphanes
37,Archidistoma psammion,Archidistoma psammion,GBIF Backbone Taxonomy,0.988,Archidistoma psammion
38,Archidistoma ritteri,Archidistoma ritteri,GBIF Backbone Taxonomy,0.988,Archidistoma ritteri
39,Archidoris montereyensis,Archidoris montereyensis,GBIF Backbone Taxonomy,0.988,Archidoris montereyensis
40,Patiria miniata,Patiria miniata,GBIF Backbone Taxonomy,0.988,Patiria miniata
41,Balanophyllia elegans,Balanophyllia elegans,GBIF Backbone Taxonomy,0.988,Balanophyllia elegans
42,Balanus crenatus,Balanus crenatus,GBIF Backbone Taxonomy,0.988,Balanus crenatus
43,Balanus glandula,Balanus glandula,GBIF Backbone Taxonomy,0.988,Balanus glandula
44,Balanus nubilus,Balanus nubilus,GBIF Backbone Taxonomy,0.988,Balanus nubilus
45,Bangia spp,Bangia spp,GBIF Backbone Taxonomy,0.75,Bangia
46,Bittium armillatum,Bittium armillatum,GBIF Backbone Taxonomy,0.988,Bittium armillatum
47,Bittium attenuatum,Bittium attenuatum,GBIF Backbone Taxonomy,0.988,Bittium attenuatum
48,Bittium eschrichtii,Bittium eschrichtii,GBIF Backbone Taxonomy,0.988,Bittium eschrichtii
49,Bittium munitum,Bittium munitum,GBIF Backbone Taxonomy,0.988,Bittium munitum
50,Blidingia subsalsa,Blidingia subsalsa,GBIF Backbone Taxonomy,0.988,Blidingia subsalsa
51,Bossiella spp,Bossiella spp,GBIF Backbone Taxonomy,0.75,Bossiella
52,Botrylloides spp,Botrylloides spp,GBIF Backbone Taxonomy,0.75,Botrylloides
53,Botryllus spp,Botryllus spp,GBIF Backbone Taxonomy,0.75,Botryllus
54,Bryopsis spp,Bryopsis spp,GBIF Backbone Taxonomy,0.75,Bryopsis
55,Bugula neritina,Bugula neritina,GBIF Backbone Taxonomy,0.988,Bugula neritina
56,Bugula spp,Bugula spp,GBIF Backbone Taxonomy,0.75,Bugula
57,Bulla gouldiana,Bulla gouldiana,GBIF Backbone Taxonomy,0.988,Bulla gouldiana
58,Cadlina luteomarginata,Cadlina luteomarginata,GBIF Backbone Taxonomy,0.988,Cadlina luteomarginata
59,Calliarthron spp,Calliarthron spp,GBIF Backbone Taxonomy,0.75,Calliarthron
60,Calliostoma annulatum,Calliostoma annulatum,GBIF Backbone Taxonomy,0.988,Calliostoma annulatum
61,Calliostoma canaliculatum,Calliostoma canaliculatum,GBIF Backbone Taxonomy,0.988,Calliostoma canaliculatum
62,Calliostoma ligatum,Calliostoma ligatum,GBIF Backbone Taxonomy,0.988,Calliostoma ligatum
63,Calliostoma spp,Calliostoma spp,GBIF Backbone Taxonomy,0.75,Calliostoma
64,Calliostoma supragranosum,Calliostoma supragranosum,GBIF Backbone Taxonomy,0.988,Calliostoma supragranosum
65,Callithamnion pikeanum,Callithamnion pikeanum,GBIF Backbone Taxonomy,0.988,Callithamnion pikeanum
66,Callithamnion rupicola,Callithamnion rupicola,GBIF Backbone Taxonomy,0.75,Callithamnion rupicolum
67,Callophyllis spp,Callophyllis spp,GBIF Backbone Taxonomy,0.75,Callophyllis
68,Callophyllis violacea,Callophyllis violacea,GBIF Backbone Taxonomy,0.988,Callophyllis violacea
69,Cancer antennarius,Cancer antennarius,GBIF Backbone Taxonomy,0.75,Cancer
70,Cancer branneri,Cancer branneri,GBIF Backbone Taxonomy,0.988,Cancer branneri
71,Cancer jordani,Cancer jordani,GBIF Backbone Taxonomy,0.988,Cancer jordani
72,Cancer oregonensis,Cancer oregonensis,GBIF Backbone Taxonomy,0.988,Cancer oregonensis
73,Cancer productus,Cancer productus,GBIF Backbone Taxonomy,0.988,Cancer productus
74,Cancer spp,Cancer spp,GBIF Backbone Taxonomy,0.75,Cancer
75,Cantharus gemmatus,Cantharus gemmatus,GBIF Backbone Taxonomy,0.75,Cantharus
76,Carpopeltis bushiae,Carpopeltis bushiae,GBIF Backbone Taxonomy,0.988,Carpopeltis bushiae
77,Caulacanthus ustulatus,Caulacanthus ustulatus,GBIF Backbone Taxonomy,0.988,Caulacanthus ustulatus
78,Cauloramphus echinus,Cauloramphus echinus,GBIF Backbone Taxonomy,0.988,Cauloramphus echinus
79,Ceramiaceae,Ceramiaceae,GBIF Backbone Taxonomy,0.75,Ceramiaceae
80,Ceramium spp,Ceramium spp,GBIF Backbone Taxonomy,0.75,Ceramium
81,Ceramium washingtoniense,Ceramium washingtoniense,GBIF Backbone Taxonomy,0.988,Ceramium washingtoniense
82,Ceratostoma foliatum,Ceratostoma foliatum,GBIF Backbone Taxonomy,0.988,Ceratostoma foliatum
83,Ceratostoma nuttalli,Ceratostoma nuttalli,GBIF Backbone Taxonomy,0.988,Ceratostoma nuttalli
84,Ceratostoma spp,Ceratostoma spp,GBIF Backbone Taxonomy,0.75,Ceratostoma
85,Cerithiopsis spp,Cerithiopsis spp,GBIF Backbone Taxonomy,0.75,Cerithiopsis
86,Chaetomorpha spp,Chaetomorpha spp,GBIF Backbone Taxonomy,0.75,Chaetomorpha
87,Chlamys rubida,Chlamys rubida,GBIF Backbone Taxonomy,0.988,Chlamys rubida
88,Chondracanthus canaliculatus,Chondracanthus canaliculatus,GBIF Backbone Taxonomy,0.988,Chondracanthus canaliculatus
89,Chondracanthus corymbiferus/exaspertata,Chondracanthus corymbiferus/exaspertata,GBIF Backbone Taxonomy,0.75,Chondracanthus
90,Chondracanthus harveyanus,Chondracanthus harveyanus,GBIF Backbone Taxonomy,0.988,Chondracanthus harveyanus
91,Chondracanthus spinosus,Chondracanthus spinosus,GBIF Backbone Taxonomy,0.988,Chondracanthus spinosus
92,Chondria acrorhizophora,Chondria acrorhizophora,GBIF Backbone Taxonomy,0.988,Chondria acrorhizophora
93,Chondria arcuata,Chondria arcuata,GBIF Backbone Taxonomy,0.988,Chondria arcuata
94,Chondria dasyphylla,Chondria dasyphylla,GBIF Backbone Taxonomy,0.988,Chondria dasyphylla
95,Chondria decipiens,Chondria decipiens,GBIF Backbone Taxonomy,0.988,Chondria decipiens
96,Chondria nidifica,Chondria nidifica,GBIF Backbone Taxonomy,0.988,Chondria nidifica
97,Chondria oppositiclada,Chondria oppositiclada,GBIF Backbone Taxonomy,0.988,Chondria oppositiclada
98,Chondria spp,Chondria spp,GBIF Backbone Taxonomy,0.75,Chondria
99,Chone minuta,Chone minuta,GBIF Backbone Taxonomy,0.988,Chone minuta
100,Chthamalus dalli/fissus,Chthamalus dalli/fissus,GBIF Backbone Taxonomy,0.75,Chthamalus
101,Cirolana spp,Cirolana spp,GBIF Backbone Taxonomy,0.75,Cirolana
102,Cladophora columbiana,Cladophora columbiana,GBIF Backbone Taxonomy,0.988,Cladophora columbiana
103,Cladophora graminea,Cladophora graminea,GBIF Backbone Taxonomy,0.988,Cladophora graminea
104,Clathromangelia interfossa,Clathromangelia interfossa,GBIF Backbone Taxonomy,0.988,Clathromangelia interfossa
105,Clathurella canfieldi,Clathurella canfieldi,GBIF Backbone Taxonomy,0.988,Clathurella canfieldi
106,Clavelina huntsmani,Clavelina huntsmani,GBIF Backbone Taxonomy,0.988,Clavelina huntsmani
107,Cnemidocarpa finmarkiensis,Cnemidocarpa finmarkiensis,GBIF Backbone Taxonomy,0.988,Cnemidocarpa finmarkiensis
108,Codium fragile,Codium fragile,GBIF Backbone Taxonomy,0.988,Codium fragile
109,Codium setchellii,Codium setchellii,GBIF Backbone Taxonomy,0.988,Codium setchellii
110,Colpomenia phaeodactyla,Colpomenia phaeodactyla,GBIF Backbone Taxonomy,0.75,Colpomenia
111,Colpomenia tuberculata,Colpomenia tuberculata,GBIF Backbone Taxonomy,0.75,Colpomenia
112,Constantinea simplex,Constantinea simplex,GBIF Backbone Taxonomy,0.988,Constantinea simplex
113,Conus californicus,Conus californicus,GBIF Backbone Taxonomy,0.988,Conus californicus
114,Corallina spp,Corallina spp,GBIF Backbone Taxonomy,0.75,Corallina
115,Corynactis californica,Corynactis californica,GBIF Backbone Taxonomy,0.988,Corynactis californica
116,Costaria costata,Costaria costata,GBIF Backbone Taxonomy,0.988,Costaria costata
117,Crangon spp,Crangon spp,GBIF Backbone Taxonomy,0.75,Crangon
118,Crepidula spp,Crepidula spp,GBIF Backbone Taxonomy,0.75,Crepidula
119,Crepipatella lingulata,Crepipatella lingulata,GBIF Backbone Taxonomy,0.988,Crepipatella lingulata
120,Crisulipora occidentalis,Crisulipora occidentalis,GBIF Backbone Taxonomy,0.988,Crisulipora occidentalis
121,Crucibulum spinosum,Crucibulum spinosum,GBIF Backbone Taxonomy,0.988,Crucibulum spinosum
122,Cryptochiton stelleri,Cryptochiton stelleri,GBIF Backbone Taxonomy,0.988,Cryptochiton stelleri
123,Cryptolithodes sitchensis,Cryptolithodes sitchensis,GBIF Backbone Taxonomy,0.988,Cryptolithodes sitchensis
124,Cryptolithodes typicus,Cryptolithodes typicus,GBIF Backbone Taxonomy,0.988,Cryptolithodes typicus
125,Cryptonemia sp,Cryptonemia sp,GBIF Backbone Taxonomy,0.75,Cryptonemia
126,Cryptosiphonia woodii,Cryptosiphonia woodii,GBIF Backbone Taxonomy,0.988,Cryptosiphonia woodii
127,Cucumaria miniata,Cucumaria miniata,GBIF Backbone Taxonomy,0.988,Cucumaria miniata
128,Cumagloia andersonii,Cumagloia andersonii,GBIF Backbone Taxonomy,0.988,Cumagloia andersonii
129,Cuthona lagunae,Cuthona lagunae,GBIF Backbone Taxonomy,0.988,Cuthona lagunae
130,Cyanoplax fernaldi,Cyanoplax fernaldi,GBIF Backbone Taxonomy,0.988,Cyanoplax fernaldi
131,Cyanoplax hartwegii,Cyanoplax hartwegii,GBIF Backbone Taxonomy,0.988,Cyanoplax hartwegii
132,Cyanoplax spp,Cyanoplax spp,GBIF Backbone Taxonomy,0.75,Cyanoplax
133,Cycloxanthops novemdentatus,Cycloxanthops novemdentatus,GBIF Backbone Taxonomy,0.988,Cycloxanthops novemdentatus
134,Cymakra gracilior,Cymakra gracilior,GBIF Backbone Taxonomy,0.988,Cymakra gracilior
135,Cypraea spadicea,Cypraea spadicea,GBIF Backbone Taxonomy,0.988,Cypraea spadicea
136,Cystoseira osmundacea,Cystoseira osmundacea,GBIF Backbone Taxonomy,0.988,Cystoseira osmundacea
137,Dasya binghamiae,Dasya binghamiae,GBIF Backbone Taxonomy,0.75,Dasya
138,Dasya sinicola/californica,Dasya sinicola/californica,GBIF Backbone Taxonomy,0.75,Dasya
139,Dasya spp,Dasya spp,GBIF Backbone Taxonomy,0.75,Dasya
140,Deep pool,Deep pool,GBIF Backbone Taxonomy,0.75,Deep
141,Delesseria decipiens,Delesseria decipiens,GBIF Backbone Taxonomy,0.988,Delesseria decipiens
142,Dendrobeania laxa,Dendrobeania laxa,GBIF Backbone Taxonomy,0.988,Dendrobeania laxa
143,Dendrobeania lichenoides,Dendrobeania lichenoides,GBIF Backbone Taxonomy,0.988,Dendrobeania lichenoides
144,Dendronotus subramosus,Dendronotus subramosus,GBIF Backbone Taxonomy,0.988,Dendronotus subramosus
145,Dendropoma lituella,Dendropoma lituella,GBIF Backbone Taxonomy,0.988,Dendropoma lituella
146,Derbesia marina,Derbesia marina,GBIF Backbone Taxonomy,0.988,Derbesia marina
147,Dermasterias imbricata,Dermasterias imbricata,GBIF Backbone Taxonomy,0.988,Dermasterias imbricata
148,Desmarestia aculeata,Desmarestia aculeata,GBIF Backbone Taxonomy,0.988,Desmarestia aculeata
149,Desmarestia ligulata,Desmarestia ligulata,GBIF Backbone Taxonomy,0.988,Desmarestia ligulata
150,Diaperoecia californica,Diaperoecia californica,GBIF Backbone Taxonomy,0.988,Diaperoecia californica
151,Diaperoecia punctulata,Diaperoecia punctulata,GBIF Backbone Taxonomy,0.75,Diaperoecia punctata
152,Diaulula sandiegensis,Diaulula sandiegensis,GBIF Backbone Taxonomy,0.988,Diaulula sandiegensis
153,Dictyoneurum californicum,Dictyoneurum californicum,GBIF Backbone Taxonomy,0.988,Dictyoneurum californicum
154,Dictyopteris undulata,Dictyopteris undulata,GBIF Backbone Taxonomy,0.988,Dictyopteris undulata
155,Dictyota spp,Dictyota spp,GBIF Backbone Taxonomy,0.75,Dictyota
156,Didemnum spp,Didemnum spp,GBIF Backbone Taxonomy,0.75,Didemnum
157,Dilsea californica,Dilsea californica,GBIF Backbone Taxonomy,0.988,Dilsea californica
158,Diodora aspera,Diodora aspera,GBIF Backbone Taxonomy,0.988,Diodora aspera
159,Diopatra ornata,Diopatra ornata,GBIF Backbone Taxonomy,0.988,Diopatra ornata
160,Dirona albolineata,Dirona albolineata,GBIF Backbone Taxonomy,0.988,Dirona albolineata
161,Dirona picta,Dirona picta,GBIF Backbone Taxonomy,0.988,Dirona picta
162,Distaplia occidentalis,Distaplia occidentalis,GBIF Backbone Taxonomy,0.988,Distaplia occidentalis
163,Distaplia smithi,Distaplia smithi,GBIF Backbone Taxonomy,0.988,Distaplia smithi
164,Dodecaceria spp,Dodecaceria spp,GBIF Backbone Taxonomy,0.75,Dodecaceria
165,Doriopsilla albopunctata,Doriopsilla albopunctata,GBIF Backbone Taxonomy,0.988,Doriopsilla albopunctata
166,Doris odhneri,Doris odhneri,GBIF Backbone Taxonomy,0.988,Doris odhneri
167,Dysidea fragilis,Dysidea fragilis,GBIF Backbone Taxonomy,0.988,Dysidea fragilis
168,Egregia menziesii,Egregia menziesii,GBIF Backbone Taxonomy,0.988,Egregia menziesii
169,Eisenia arborea,Eisenia arborea,GBIF Backbone Taxonomy,0.988,Eisenia arborea
170,Emplectonema gracile,Emplectonema gracile,GBIF Backbone Taxonomy,0.988,Emplectonema gracile
171,Encrusting coralline,Encrusting coralline,GBIF Backbone Taxonomy,0.75,Encrusting
172,Endarachne binghamiae,Endarachne binghamiae,GBIF Backbone Taxonomy,0.988,Endarachne binghamiae
173,Endocladia muricata,Endocladia muricata,GBIF Backbone Taxonomy,0.988,Endocladia muricata
174,Epiactis prolifera,Epiactis prolifera,GBIF Backbone Taxonomy,0.988,Epiactis prolifera
175,Epiactis ritteri,Epiactis ritteri,GBIF Backbone Taxonomy,0.988,Epiactis ritteri
176,Epialtoides hiltoni,Epialtoides hiltoni,GBIF Backbone Taxonomy,0.988,Epialtoides hiltoni
177,Epitonium tinctum,Epitonium tinctum,GBIF Backbone Taxonomy,0.988,Epitonium tinctum
178,Erythroglossum californicum,Erythroglossum californicum,GBIF Backbone Taxonomy,0.988,Erythroglossum californicum
179,Erythrophyllum delesserioides,Erythrophyllum delesserioides,GBIF Backbone Taxonomy,0.988,Erythrophyllum delesserioides
180,Eudendrium californicum,Eudendrium californicum,GBIF Backbone Taxonomy,0.988,Eudendrium californicum
181,Eudistylia polymorpha,Eudistylia polymorpha,GBIF Backbone Taxonomy,0.988,Eudistylia polymorpha
182,Eugorgia rubens,Eugorgia rubens,GBIF Backbone Taxonomy,0.988,Eugorgia rubens
183,Euherdmania claviformis,Euherdmania claviformis,GBIF Backbone Taxonomy,0.988,Euherdmania claviformis
184,Eupentacta quinquesemita,Eupentacta quinquesemita,GBIF Backbone Taxonomy,0.988,Eupentacta quinquesemita
185,Eurystomella bilabiata,Eurystomella bilabiata,GBIF Backbone Taxonomy,0.988,Eurystomella bilabiata
186,Evasterias troschelii,Evasterias troschelii,GBIF Backbone Taxonomy,0.988,Evasterias troschelii
187,Farlowia compressa,Farlowia compressa,GBIF Backbone Taxonomy,0.988,Farlowia compressa
188,Farlowia mollis,Farlowia mollis,GBIF Backbone Taxonomy,0.988,Farlowia mollis
189,Fauchea laciniata,Fauchea laciniata,GBIF Backbone Taxonomy,0.988,Fauchea laciniata
190,Fissurella rubropicta,Fissurella rubropicta,GBIF Backbone Taxonomy,0.988,Fissurella rubropicta
191,Fissurella spp,Fissurella spp,GBIF Backbone Taxonomy,0.75,Fissurella
192,Fissurella volcano,Fissurella volcano,GBIF Backbone Taxonomy,0.988,Fissurella volcano
193,Fissurellidea bimaculata,Fissurellidea bimaculata,GBIF Backbone Taxonomy,0.988,Fissurellidea bimaculata
194,Flabellina iodinea,Flabellina iodinea,GBIF Backbone Taxonomy,0.988,Flabellina iodinea
195,Flabellina trilineata,Flabellina trilineata,GBIF Backbone Taxonomy,0.988,Flabellina trilineata
196,Flustrellidra corniculata,Flustrellidra corniculata,GBIF Backbone Taxonomy,0.988,Flustrellidra corniculata
197,Fucus spp,Fucus spp,GBIF Backbone Taxonomy,0.75,Fucus
198,Fusinus luteopictus,Fusinus luteopictus,GBIF Backbone Taxonomy,0.988,Fusinus luteopictus
199,Gastroclonium parvum,Gastroclonium parvum,GBIF Backbone Taxonomy,0.988,Gastroclonium parvum
200,Gastroclonium subarticulatum,Gastroclonium subarticulatum,GBIF Backbone Taxonomy,0.75,Gastroclonium
201,Gelidiaceae,Gelidiaceae,GBIF Backbone Taxonomy,0.75,Gelidiaceae
202,Gelidium spp,Gelidium spp,GBIF Backbone Taxonomy,0.75,Gelidium
203,Gelidium purpurascens,Gelidium purpurascens,GBIF Backbone Taxonomy,0.988,Gelidium purpurascens
204,Gelidium robustum,Gelidium robustum,GBIF Backbone Taxonomy,0.988,Gelidium robustum
205,Gersemia rubiformis,Gersemia rubiformis,GBIF Backbone Taxonomy,0.988,Gersemia rubiformis
206,Girella nigricans,Girella nigricans,GBIF Backbone Taxonomy,0.988,Girella nigricans
207,Glans carpenteri,Glans carpenteri,GBIF Backbone Taxonomy,0.988,Glans carpenteri
208,Gloiopeltis furcata,Gloiopeltis furcata,GBIF Backbone Taxonomy,0.988,Gloiopeltis furcata
209,Gloiosiphonia californica,Gloiosiphonia californica,GBIF Backbone Taxonomy,0.75,Gloiosiphonia california
210,Gobiesox spp,Gobiesox spp,GBIF Backbone Taxonomy,0.75,Gobiesox
211,Gracilaria robusta,Gracilaria robusta,GBIF Backbone Taxonomy,0.988,Gracilaria robusta
212,Gracilaria textorii,Gracilaria textorii,GBIF Backbone Taxonomy,0.988,Gracilaria textorii
213,Gracilariopsis andersonii/papenfussii,Gracilariopsis andersonii/papenfussii,GBIF Backbone Taxonomy,0.75,Gracilariopsis
214,Grateloupia californica,Grateloupia californica,GBIF Backbone Taxonomy,0.988,Grateloupia californica
215,Griffithsia pacifica,Griffithsia pacifica,GBIF Backbone Taxonomy,0.988,Griffithsia pacifica
216,Gymnogongrus chiton,Gymnogongrus chiton,GBIF Backbone Taxonomy,0.988,Gymnogongrus chiton
217,Halichondria panicea,Halichondria panicea,GBIF Backbone Taxonomy,0.988,Halichondria panicea
218,Haliclona spp,Haliclona spp,GBIF Backbone Taxonomy,0.75,Haliclona
219,Halicystis ovalis,Halicystis ovalis,GBIF Backbone Taxonomy,0.988,Halicystis ovalis
220,Halidrys dioica,Halidrys dioica,GBIF Backbone Taxonomy,0.988,Halidrys dioica
221,Haliotis cracherodii,Haliotis cracherodii,GBIF Backbone Taxonomy,0.988,Haliotis cracherodii
222,Haliotis fulgens,Haliotis fulgens,GBIF Backbone Taxonomy,0.988,Haliotis fulgens
223,Haliotis rufescens,Haliotis rufescens,GBIF Backbone Taxonomy,0.988,Haliotis rufescens
224,Haliptylon gracile,Haliptylon gracile,GBIF Backbone Taxonomy,0.988,Haliptylon gracile
225,Halosaccion glandiforme,Halosaccion glandiforme,GBIF Backbone Taxonomy,0.988,Halosaccion glandiforme
226,Haminoea spp,Haminoea spp,GBIF Backbone Taxonomy,0.75,Haminoea
227,Haminoea vesicula,Haminoea vesicula,GBIF Backbone Taxonomy,0.988,Haminoea vesicula
228,Haminoea virescens,Haminoea virescens,GBIF Backbone Taxonomy,0.988,Haminoea virescens
229,Haplogloia andersonii,Haplogloia andersonii,GBIF Backbone Taxonomy,0.988,Haplogloia andersonii
230,Harmothoe imbricata,Harmothoe imbricata,GBIF Backbone Taxonomy,0.988,Harmothoe imbricata
231,Hedophyllum sessile,Hedophyllum sessile,GBIF Backbone Taxonomy,0.988,Hedophyllum sessile
232,Hemigrapsus nudus,Hemigrapsus nudus,GBIF Backbone Taxonomy,0.988,Hemigrapsus nudus
233,Hemigrapsus oregonensis,Hemigrapsus oregonensis,GBIF Backbone Taxonomy,0.988,Hemigrapsus oregonensis
234,Henricia spp,Henricia spp,GBIF Backbone Taxonomy,0.75,Henricia
235,Heptacarpus pictus,Heptacarpus pictus,GBIF Backbone Taxonomy,0.988,Heptacarpus pictus
236,Hermissenda crassicornis,Hermissenda crassicornis,GBIF Backbone Taxonomy,0.988,Hermissenda crassicornis
237,Herposiphonia littoralis,Herposiphonia littoralis,GBIF Backbone Taxonomy,0.988,Herposiphonia littoralis
238,Herposiphonia plumula,Herposiphonia plumula,GBIF Backbone Taxonomy,0.988,Herposiphonia plumula
239,Herposiphonia spp,Herposiphonia spp,GBIF Backbone Taxonomy,0.75,Herposiphonia
240,Herposiphonia verticillata,Herposiphonia verticillata,GBIF Backbone Taxonomy,0.988,Herposiphonia verticillata
241,Hesperophycus harveyanus,Hesperophycus harveyanus,GBIF Backbone Taxonomy,0.988,Hesperophycus harveyanus
242,Heteropora alaskensis,Heteropora alaskensis,GBIF Backbone Taxonomy,0.988,Heteropora alaskensis
243,Heterosiphonia erecta,Heterosiphonia erecta,GBIF Backbone Taxonomy,0.988,Heterosiphonia erecta
244,Heterosiphonia japonica,Heterosiphonia japonica,GBIF Backbone Taxonomy,0.988,Heterosiphonia japonica
245,Hinnites giganteus,Hinnites giganteus,GBIF Backbone Taxonomy,0.988,Hinnites giganteus
246,Hippodiplosia insculpta,Hippodiplosia insculpta,GBIF Backbone Taxonomy,0.988,Hippodiplosia insculpta
247,Homalopoma baculum/luridum,Homalopoma baculum/luridum,GBIF Backbone Taxonomy,0.75,Homalopoma
248,Hymenamphiastra cyanocrypta,Hymenamphiastra cyanocrypta,GBIF Backbone Taxonomy,0.988,Hymenamphiastra cyanocrypta
249,Hymeniacidon ungodon,Hymeniacidon ungodon,GBIF Backbone Taxonomy,0.988,Hymeniacidon ungodon
250,Hypnea johnstonii,Hypnea johnstonii,GBIF Backbone Taxonomy,0.988,Hypnea johnstonii
251,Hypnea spp,Hypnea spp,GBIF Backbone Taxonomy,0.75,Hypnea
252,Hypnea valentiae,Hypnea valentiae,GBIF Backbone Taxonomy,0.988,Hypnea valentiae
253,Idotea spp,Idotea spp,GBIF Backbone Taxonomy,0.75,Idotea
254,Jania crassa,Jania crassa,GBIF Backbone Taxonomy,0.988,Jania crassa
255,Jania tenella,Jania tenella,GBIF Backbone Taxonomy,0.988,Jania tenella
256,Janolus barbarensis,Janolus barbarensis,GBIF Backbone Taxonomy,0.988,Janolus barbarensis
257,Jenneria pustulata,Jenneria pustulata,GBIF Backbone Taxonomy,0.988,Jenneria pustulata
258,Katharina tunicata,Katharina tunicata,GBIF Backbone Taxonomy,0.988,Katharina tunicata
259,Kelletia kelletii,Kelletia kelletii,GBIF Backbone Taxonomy,0.988,Kelletia kelletii
260,Lacuna spp,Lacuna spp,GBIF Backbone Taxonomy,0.75,Lacuna
261,Laila cockerelli,Laila cockerelli,GBIF Backbone Taxonomy,0.988,Laila cockerelli
262,Laminaria bongardiana,Laminaria bongardiana,GBIF Backbone Taxonomy,0.75,Laminaria
263,Laminaria dentigera,Laminaria dentigera,GBIF Backbone Taxonomy,0.988,Laminaria dentigera
264,Laminaria ephemera,Laminaria ephemera,GBIF Backbone Taxonomy,0.988,Laminaria ephemera
265,Laminaria farlowii,Laminaria farlowii,GBIF Backbone Taxonomy,0.988,Laminaria farlowii
266,Laminaria saccharina,Laminaria saccharina,GBIF Backbone Taxonomy,0.988,Laminaria saccharina
267,Laminaria setchellii,Laminaria setchellii,GBIF Backbone Taxonomy,0.988,Laminaria setchellii
268,Laminaria sinclairii,Laminaria sinclairii,GBIF Backbone Taxonomy,0.988,Laminaria sinclairii
269,Laurencia decidua,Laurencia decidua,GBIF Backbone Taxonomy,0.988,Laurencia decidua
270,Laurencia pacifica/masonii,Laurencia pacifica/masonii,GBIF Backbone Taxonomy,0.75,Laurencia
271,Laurencia snyderae,Laurencia snyderae,GBIF Backbone Taxonomy,0.75,Laurencia snyderiae
272,Laurencia splendens,Laurencia splendens,GBIF Backbone Taxonomy,0.988,Laurencia splendens
273,Laurencia spp,Laurencia spp,GBIF Backbone Taxonomy,0.75,Laurencia
274,Laurencia subopposita,Laurencia subopposita,GBIF Backbone Taxonomy,0.988,Laurencia subopposita
275,Lepidozona spp,Lepidozona spp,GBIF Backbone Taxonomy,0.75,Lepidozona
276,Leptasterias spp,Leptasterias spp,GBIF Backbone Taxonomy,0.75,Leptasterias
277,Leptocladia binghamiae,Leptocladia binghamiae,GBIF Backbone Taxonomy,0.988,Leptocladia binghamiae
278,Leptopecten spp,Leptopecten spp,GBIF Backbone Taxonomy,0.75,Leptopecten
279,Lessoniopsis littoralis,Lessoniopsis littoralis,GBIF Backbone Taxonomy,0.988,Lessoniopsis littoralis
280,Leucetta losangelensis,Leucetta losangelensis,GBIF Backbone Taxonomy,0.988,Leucetta losangelensis
281,Leucilla nuttingi,Leucilla nuttingi,GBIF Backbone Taxonomy,0.988,Leucilla nuttingi
282,Leucosolenia eleanor,Leucosolenia eleanor,GBIF Backbone Taxonomy,0.988,Leucosolenia eleanor
283,Ligia spp,Ligia spp,GBIF Backbone Taxonomy,0.75,Ligia
284,Lirobittium munitoide,Lirobittium munitoide,GBIF Backbone Taxonomy,0.75,Lirobittium
285,Lithophaga plumula,Lithophaga plumula,GBIF Backbone Taxonomy,0.988,Lithophaga plumula
286,Lithopoma gibberosum,Lithopoma gibberosum,GBIF Backbone Taxonomy,0.988,Lithopoma gibberosum
287,Lithothrix aspergillum,Lithothrix aspergillum,GBIF Backbone Taxonomy,0.988,Lithothrix aspergillum
288,Littorina keenae,Littorina keenae,GBIF Backbone Taxonomy,0.988,Littorina keenae
289,Littorina plena/scutulata,Littorina plena/scutulata,GBIF Backbone Taxonomy,0.75,Littorina
290,Littorina sitkana/subrotundata,Littorina sitkana/subrotundata,GBIF Backbone Taxonomy,0.75,Littorina
291,Littorina spp,Littorina spp,GBIF Backbone Taxonomy,0.75,Littorina
292,Lomentaria hakodatensis,Lomentaria hakodatensis,GBIF Backbone Taxonomy,0.988,Lomentaria hakodatensis
293,Lomentaria spp,Lomentaria spp,GBIF Backbone Taxonomy,0.75,Lomentaria
294,Lophogorgia chilensis,Lophogorgia chilensis,GBIF Backbone Taxonomy,0.75,Leptogorgia chilensis
295,Lophopanopeus bellus,Lophopanopeus bellus,GBIF Backbone Taxonomy,0.988,Lophopanopeus bellus
296,Lottia asmi,Lottia asmi,GBIF Backbone Taxonomy,0.988,Lottia asmi
297,Lottia austrodigitalis/digitalis,Lottia austrodigitalis/digitalis,GBIF Backbone Taxonomy,0.75,Lottia
298,Lottia fenestrata,Lottia fenestrata,GBIF Backbone Taxonomy,0.988,Lottia fenestrata
299,Lottia gigantea,Lottia gigantea,GBIF Backbone Taxonomy,0.988,Lottia gigantea
300,Lottia insessa,Lottia insessa,GBIF Backbone Taxonomy,0.988,Lottia insessa
301,Lottia limatula,Lottia limatula,GBIF Backbone Taxonomy,0.988,Lottia limatula
302,Lottia maccleani,Lottia maccleani,GBIF Backbone Taxonomy,0.75,Lottia
303,Lottia ochracea,Lottia ochracea,GBIF Backbone Taxonomy,0.988,Lottia ochracea
304,Lottia paradigitalis/strigatella,Lottia paradigitalis/strigatella,GBIF Backbone Taxonomy,0.75,Lottia
305,Lottia pelta,Lottia pelta,GBIF Backbone Taxonomy,0.988,Lottia pelta
306,Lottia persona,Lottia persona,GBIF Backbone Taxonomy,0.988,Lottia persona
307,Lottia polyfacies,Lottia polyfacies,GBIF Backbone Taxonomy,0.75,Lottia
308,Lottia scabra/conus,Lottia scabra/conus,GBIF Backbone Taxonomy,0.75,Lottia
309,Lottia scutum,Lottia scutum,GBIF Backbone Taxonomy,0.988,Lottia scutum
310,Loxorhynchus crispatus,Loxorhynchus crispatus,GBIF Backbone Taxonomy,0.988,Loxorhynchus crispatus
311,Lucapinella callomarginata,Lucapinella callomarginata,GBIF Backbone Taxonomy,0.988,Lucapinella callomarginata
312,Macrocystis spp,Macrocystis spp,GBIF Backbone Taxonomy,0.75,Macrocystis
313,Macron aethiops,Macron aethiops,GBIF Backbone Taxonomy,0.988,Macron aethiops
314,Macron lividus,Macron lividus,GBIF Backbone Taxonomy,0.988,Macron lividus
315,Mastocarpus spp,Mastocarpus spp,GBIF Backbone Taxonomy,0.75,Mastocarpus
316,Maxwellia gemma,Maxwellia gemma,GBIF Backbone Taxonomy,0.988,Maxwellia gemma
317,Mazzaella affinis,Mazzaella affinis,GBIF Backbone Taxonomy,0.988,Mazzaella affinis
318,Mazzaella californica,Mazzaella californica,GBIF Backbone Taxonomy,0.988,Mazzaella californica
319,Mazzaella cordata/splendens,Mazzaella cordata/splendens,GBIF Backbone Taxonomy,0.75,Mazzaella
320,Mazzaella leptorhynchos,Mazzaella leptorhynchos,GBIF Backbone Taxonomy,0.988,Mazzaella leptorhynchos
321,Mazzaella linearis,Mazzaella linearis,GBIF Backbone Taxonomy,0.988,Mazzaella linearis
322,Mazzaella oregona,Mazzaella oregona,GBIF Backbone Taxonomy,0.988,Mazzaella oregona
323,Mazzaella parksii,Mazzaella parksii,GBIF Backbone Taxonomy,0.988,Mazzaella parksii
324,Mazzaella volans,Mazzaella volans,GBIF Backbone Taxonomy,0.988,Mazzaella volans
325,Megabalanus californicus,Megabalanus californicus,GBIF Backbone Taxonomy,0.988,Megabalanus californicus
326,Megastraea undosa,Megastraea undosa,GBIF Backbone Taxonomy,0.988,Megastraea undosa
327,Megatebennus bimaculatus,Megatebennus bimaculatus,GBIF Backbone Taxonomy,0.988,Megatebennus bimaculatus
328,Melanosiphon intestinalis,Melanosiphon intestinalis,GBIF Backbone Taxonomy,0.988,Melanosiphon intestinalis
329,Membranipora spp,Membranipora spp,GBIF Backbone Taxonomy,0.75,Membranipora
330,Metandrocarpa taylori,Metandrocarpa taylori,GBIF Backbone Taxonomy,0.988,Metandrocarpa taylori
331,Microcladia borealis,Microcladia borealis,GBIF Backbone Taxonomy,0.988,Microcladia borealis
332,Microcladia coulteri,Microcladia coulteri,GBIF Backbone Taxonomy,0.988,Microcladia coulteri
333,Mimulus foliatus,Mimulus foliatus,GBIF Backbone Taxonomy,0.988,Mimulus foliatus
334,Mitra idae,Mitra idae,GBIF Backbone Taxonomy,0.988,Mitra idae
335,Modiolus spp,Modiolus spp,GBIF Backbone Taxonomy,0.75,Modiolus
336,Mopalia spp,Mopalia spp,GBIF Backbone Taxonomy,0.75,Mopalia
337,Muricea californica,Muricea californica,GBIF Backbone Taxonomy,0.988,Muricea californica
338,Mycale macginitiei,Mycale macginitiei,GBIF Backbone Taxonomy,0.988,Mycale macginitiei
339,Mytilus californianus,Mytilus californianus,GBIF Backbone Taxonomy,0.988,Mytilus californianus
340,Mytilus galloprovincialis/trossulus,Mytilus galloprovincialis/trossulus,GBIF Backbone Taxonomy,0.75,Mytilus
341,Navanax inermis,Navanax inermis,GBIF Backbone Taxonomy,0.988,Navanax inermis
342,Nemalion helminthoides,Nemalion helminthoides,GBIF Backbone Taxonomy,0.988,Nemalion helminthoides
343,Neomolgus littoralis,Neomolgus littoralis,GBIF Backbone Taxonomy,0.988,Neomolgus littoralis
344,Neorhodomela larix,Neorhodomela larix,GBIF Backbone Taxonomy,0.988,Neorhodomela larix
345,Neorhodomela oregona,Neorhodomela oregona,GBIF Backbone Taxonomy,0.988,Neorhodomela oregona
346,Nereocystis luetkeana,Nereocystis luetkeana,GBIF Backbone Taxonomy,0.988,Nereocystis luetkeana
347,Nienburgia andersoniana,Nienburgia andersoniana,GBIF Backbone Taxonomy,0.988,Nienburgia andersoniana
348,Norrisia norrisi,Norrisia norrisi,GBIF Backbone Taxonomy,0.75,Norrisia norrisii
349,Notoacmea paleacea,Notoacmea paleacea,GBIF Backbone Taxonomy,0.988,Notoacmea paleacea
350,Nucella canaliculata,Nucella canaliculata,GBIF Backbone Taxonomy,0.988,Nucella canaliculata
351,Nucella emarginata/ostrina,Nucella emarginata/ostrina,GBIF Backbone Taxonomy,0.75,Nucella
352,Nucella lamellosa,Nucella lamellosa,GBIF Backbone Taxonomy,0.988,Nucella lamellosa
353,Nuttallina spp,Nuttallina spp,GBIF Backbone Taxonomy,0.75,Nuttallina
354,Nymphopsis spinosissima,Nymphopsis spinosissima,GBIF Backbone Taxonomy,0.988,Nymphopsis spinosissima
355,Obelia spp,Obelia spp,GBIF Backbone Taxonomy,0.75,Obelia
356,Ocenebra atropurpurea,Ocenebra atropurpurea,GBIF Backbone Taxonomy,0.988,Ocenebra atropurpurea
357,Ocenebra circumtexta,Ocenebra circumtexta,GBIF Backbone Taxonomy,0.988,Ocenebra circumtexta
358,Ocenebra folliata,Ocenebra folliata,GBIF Backbone Taxonomy,0.75,Ocenebra
359,Ocenebra gracillima,Ocenebra gracillima,GBIF Backbone Taxonomy,0.988,Ocenebra gracillima
360,Ocenebra interfossa,Ocenebra interfossa,GBIF Backbone Taxonomy,0.988,Ocenebra interfossa
361,Ocenebra lurida,Ocenebra lurida,GBIF Backbone Taxonomy,0.988,Ocenebra lurida
362,Ocenebra pusilla,Ocenebra pusilla,GBIF Backbone Taxonomy,0.75,Ocenebra
363,Ocenebra sclera,Ocenebra sclera,GBIF Backbone Taxonomy,0.988,Ocenebra sclera
364,Ocenebra spp,Ocenebra spp,GBIF Backbone Taxonomy,0.75,Ocenebra
365,Ocenebra subangulata,Ocenebra subangulata,GBIF Backbone Taxonomy,0.988,Ocenebra subangulata
366,Octopus spp,Octopus spp,GBIF Backbone Taxonomy,0.75,Octopus
367,Odonthalia floccosa,Odonthalia floccosa,GBIF Backbone Taxonomy,0.988,Odonthalia floccosa
368,Odonthalia washingtoniensis,Odonthalia washingtoniensis,GBIF Backbone Taxonomy,0.988,Odonthalia washingtoniensis
369,Oedignathus inermis,Oedignathus inermis,GBIF Backbone Taxonomy,0.988,Oedignathus inermis
370,Olivella biplicata,Olivella biplicata,GBIF Backbone Taxonomy,0.988,Olivella biplicata
371,Onchidella borealis,Onchidella borealis,GBIF Backbone Taxonomy,0.988,Onchidella borealis
372,Opalia borealis,Opalia borealis,GBIF Backbone Taxonomy,0.988,Opalia borealis
373,Opalia funiculata,Opalia funiculata,GBIF Backbone Taxonomy,0.988,Opalia funiculata
374,Opalia montereyensis,Opalia montereyensis,GBIF Backbone Taxonomy,0.988,Opalia montereyensis
375,Ophionereis annulata,Ophionereis annulata,GBIF Backbone Taxonomy,0.988,Ophionereis annulata
376,Ophlitaspongia pennata,Ophlitaspongia pennata,GBIF Backbone Taxonomy,0.988,Ophlitaspongia pennata
377,Opuntiella californica,Opuntiella californica,GBIF Backbone Taxonomy,0.988,Opuntiella californica
378,Oregonia gracilis,Oregonia gracilis,GBIF Backbone Taxonomy,0.988,Oregonia gracilis
379,Osmundea sinicola,Osmundea sinicola,GBIF Backbone Taxonomy,0.75,Osmundea
380,Osmundea spectabilis,Osmundea spectabilis,GBIF Backbone Taxonomy,0.988,Osmundea spectabilis
381,Pachycheles spp,Pachycheles spp,GBIF Backbone Taxonomy,0.75,Pachycheles
382,Pachydictyon coriaceum,Pachydictyon coriaceum,GBIF Backbone Taxonomy,0.988,Pachydictyon coriaceum
383,Pachygrapsus crassipes,Pachygrapsus crassipes,GBIF Backbone Taxonomy,0.988,Pachygrapsus crassipes
384,Pachythyone rubra,Pachythyone rubra,GBIF Backbone Taxonomy,0.988,Pachythyone rubra
385,Padina spp,Padina spp,GBIF Backbone Taxonomy,0.75,Padina
386,Pagurus beringanus,Pagurus beringanus,GBIF Backbone Taxonomy,0.988,Pagurus beringanus
387,Pagurus caurinus,Pagurus caurinus,GBIF Backbone Taxonomy,0.988,Pagurus caurinus
388,Pagurus granosimanus,Pagurus granosimanus,GBIF Backbone Taxonomy,0.988,Pagurus granosimanus
389,Pagurus hemphilli,Pagurus hemphilli,GBIF Backbone Taxonomy,0.988,Pagurus hemphilli
390,Pagurus hirsutiusculus,Pagurus hirsutiusculus,GBIF Backbone Taxonomy,0.988,Pagurus hirsutiusculus
391,Pagurus samuelis,Pagurus samuelis,GBIF Backbone Taxonomy,0.988,Pagurus samuelis
392,Pagurus spp,Pagurus spp,GBIF Backbone Taxonomy,0.75,Pagurus
393,Palmaria callophylloides,Palmaria callophylloides,GBIF Backbone Taxonomy,0.75,Palmaria
394,Palmaria hecatensis,Palmaria hecatensis,GBIF Backbone Taxonomy,0.988,Palmaria hecatensis
395,Palmaria mollis,Palmaria mollis,GBIF Backbone Taxonomy,0.988,Palmaria mollis
396,Panulirus interruptus,Panulirus interruptus,GBIF Backbone Taxonomy,0.988,Panulirus interruptus
397,Paranemertes peregrina,Paranemertes peregrina,GBIF Backbone Taxonomy,0.988,Paranemertes peregrina
398,Paraxanthias taylori,Paraxanthias taylori,GBIF Backbone Taxonomy,0.988,Paraxanthias taylori
399,Pelia tumida,Pelia tumida,GBIF Backbone Taxonomy,0.988,Pelia tumida
400,Pelvetiopsis arborescens/limitata,Pelvetiopsis arborescens/limitata,GBIF Backbone Taxonomy,0.75,Pelvetiopsis
401,Penitella spp,Penitella spp,GBIF Backbone Taxonomy,0.75,Penitella
402,Perophora annectens,Perophora annectens,GBIF Backbone Taxonomy,0.988,Perophora annectens
403,Petaloconchus montereyensis,Petaloconchus montereyensis,GBIF Backbone Taxonomy,0.988,Petaloconchus montereyensis
404,Petalonia fascia,Petalonia fascia,GBIF Backbone Taxonomy,0.988,Petalonia fascia
405,Petrolisthes spp,Petrolisthes spp,GBIF Backbone Taxonomy,0.75,Petrolisthes
406,Petrospongium rugosum,Petrospongium rugosum,GBIF Backbone Taxonomy,0.988,Petrospongium rugosum
407,Phaeostrophion irregulare,Phaeostrophion irregulare,GBIF Backbone Taxonomy,0.988,Phaeostrophion irregulare
408,Phidiana hiltoni,Phidiana hiltoni,GBIF Backbone Taxonomy,0.988,Phidiana hiltoni
409,Phycodrys riggii,Phycodrys riggii,GBIF Backbone Taxonomy,0.988,Phycodrys riggii
410,Phycodrys setchellii,Phycodrys setchellii,GBIF Backbone Taxonomy,0.988,Phycodrys setchellii
411,Phyllospadix scouleri,Phyllospadix scouleri,GBIF Backbone Taxonomy,0.988,Phyllospadix scouleri
412,Phyllospadix torreyi,Phyllospadix torreyi,GBIF Backbone Taxonomy,0.988,Phyllospadix torreyi
413,Pilayella littoralis,Pilayella littoralis,GBIF Backbone Taxonomy,0.988,Pilayella littoralis
414,Pilumnus spinohirsutus,Pilumnus spinohirsutus,GBIF Backbone Taxonomy,0.988,Pilumnus spinohirsutus
415,Pisaster brevispinus,Pisaster brevispinus,GBIF Backbone Taxonomy,0.988,Pisaster brevispinus
416,Pisaster giganteus,Pisaster giganteus,GBIF Backbone Taxonomy,0.988,Pisaster giganteus
417,Pisaster ochraceus,Pisaster ochraceus,GBIF Backbone Taxonomy,0.988,Pisaster ochraceus
418,Pista spp,Pista spp,GBIF Backbone Taxonomy,0.75,Pista
419,Placiphorella velata,Placiphorella velata,GBIF Backbone Taxonomy,0.988,Placiphorella velata
420,Pleonosporium spp,Pleonosporium spp,GBIF Backbone Taxonomy,0.75,Pleonosporium
421,Plocamium oregonum,Plocamium oregonum,GBIF Backbone Taxonomy,0.988,Plocamium oregonum
422,Plocamium pacificum,Plocamium pacificum,GBIF Backbone Taxonomy,0.988,Plocamium pacificum
423,Plocamium violaceum,Plocamium violaceum,GBIF Backbone Taxonomy,0.988,Plocamium violaceum
424,Pododesmus macrochisma,Pododesmus macrochisma,GBIF Backbone Taxonomy,0.988,Pododesmus macrochisma
425,Pollicipes polymerus,Pollicipes polymerus,GBIF Backbone Taxonomy,0.988,Pollicipes polymerus
426,Polyneura latissima,Polyneura latissima,GBIF Backbone Taxonomy,0.988,Polyneura latissima
427,Polysiphonia spp,Polysiphonia spp,GBIF Backbone Taxonomy,0.75,Polysiphonia
428,Porphyra spp,Porphyra spp,GBIF Backbone Taxonomy,0.75,Porphyra
429,Postelsia palmaeformis,Postelsia palmaeformis,GBIF Backbone Taxonomy,0.988,Postelsia palmaeformis
430,Potamilla occelata,Potamilla occelata,GBIF Backbone Taxonomy,0.988,Potamilla occelata
431,Prionitis angusta,Prionitis angusta,GBIF Backbone Taxonomy,0.988,Prionitis angusta
432,Prionitis cornea,Prionitis cornea,GBIF Backbone Taxonomy,0.988,Prionitis cornea
433,Prionitis filiformis,Prionitis filiformis,GBIF Backbone Taxonomy,0.988,Prionitis filiformis
434,Prionitis lanceolata,Prionitis lanceolata,GBIF Backbone Taxonomy,0.988,Prionitis lanceolata
435,Prionitis linearis,Prionitis linearis,GBIF Backbone Taxonomy,0.988,Prionitis linearis
436,Prionitis lyallii,Prionitis lyallii,GBIF Backbone Taxonomy,0.988,Prionitis lyallii
437,Prionitis spp,Prionitis spp,GBIF Backbone Taxonomy,0.75,Prionitis
438,Pseudochama exogyra,Pseudochama exogyra,GBIF Backbone Taxonomy,0.988,Pseudochama exogyra
439,Pseudolithoderma nigra,Pseudolithoderma nigra,GBIF Backbone Taxonomy,0.988,Pseudolithoderma nigra
440,Pseudomelatoma penicillata,Pseudomelatoma penicillata,GBIF Backbone Taxonomy,0.988,Pseudomelatoma penicillata
441,Pseudomelatoma torosa,Pseudomelatoma torosa,GBIF Backbone Taxonomy,0.988,Pseudomelatoma torosa
442,Pterocladia media,Pterocladia media,GBIF Backbone Taxonomy,0.988,Pterocladia media
443,Pterocladiella caloglossoides,Pterocladiella caloglossoides,GBIF Backbone Taxonomy,0.988,Pterocladiella caloglossoides
444,Pterocladiella capillacea,Pterocladiella capillacea,GBIF Backbone Taxonomy,0.988,Pterocladiella capillacea
445,Pteropurpura trialata,Pteropurpura trialata,GBIF Backbone Taxonomy,0.988,Pteropurpura trialata
446,Pterosiphonia baileyi,Pterosiphonia baileyi,GBIF Backbone Taxonomy,0.988,Pterosiphonia baileyi
447,Pterosiphonia bipinnata,Pterosiphonia bipinnata,GBIF Backbone Taxonomy,0.988,Pterosiphonia bipinnata
448,Pterosiphonia dendroidea/pennata,Pterosiphonia dendroidea/pennata,GBIF Backbone Taxonomy,0.75,Pterosiphonia
449,Pterosiphonia spp,Pterosiphonia spp,GBIF Backbone Taxonomy,0.75,Pterosiphonia
450,Pterothamnion spp,Pterothamnion spp,GBIF Backbone Taxonomy,0.75,Pterothamnion
451,Pterygophora californica,Pterygophora californica,GBIF Backbone Taxonomy,0.988,Pterygophora californica
452,Pugetia firma,Pugetia firma,GBIF Backbone Taxonomy,0.75,Pugetia
453,Pugettia gracilis/richii,Pugettia gracilis/richii,GBIF Backbone Taxonomy,0.75,Pugettia
454,Pugettia producta,Pugettia producta,GBIF Backbone Taxonomy,0.988,Pugettia producta
455,Pycnoclavella stanleyi,Pycnoclavella stanleyi,GBIF Backbone Taxonomy,0.988,Pycnoclavella stanleyi
456,Pycnogonida,Pycnogonida,GBIF Backbone Taxonomy,0.75,Pycnogonida
457,Pycnopodia helianthoides,Pycnopodia helianthoides,GBIF Backbone Taxonomy,0.988,Pycnopodia helianthoides
458,Pyura haustor,Pyura haustor,GBIF Backbone Taxonomy,0.988,Pyura haustor
459,Rhodymenia californica,Rhodymenia californica,GBIF Backbone Taxonomy,0.988,Rhodymenia californica
460,Rhodymenia pacifica,Rhodymenia pacifica,GBIF Backbone Taxonomy,0.988,Rhodymenia pacifica
461,Rictaxis punctocaelatus,Rictaxis punctocaelatus,GBIF Backbone Taxonomy,0.988,Rictaxis punctocaelatus
462,Ritterella rubra,Ritterella rubra,GBIF Backbone Taxonomy,0.988,Ritterella rubra
463,Ritterella spp,Ritterella spp,GBIF Backbone Taxonomy,0.75,Ritterella
464,Roperia poulsoni,Roperia poulsoni,GBIF Backbone Taxonomy,0.988,Roperia poulsoni
465,Rostanga pulchra,Rostanga pulchra,GBIF Backbone Taxonomy,0.988,Rostanga pulchra
466,Salmacina tribranchiata,Salmacina tribranchiata,GBIF Backbone Taxonomy,0.988,Salmacina tribranchiata
467,Sarcodiotheca gaudichaudii,Sarcodiotheca gaudichaudii,GBIF Backbone Taxonomy,0.988,Sarcodiotheca gaudichaudii
468,Sargassum agardhianum,Sargassum agardhianum,GBIF Backbone Taxonomy,0.988,Sargassum agardhianum
469,Sargassum muticum,Sargassum muticum,GBIF Backbone Taxonomy,0.988,Sargassum muticum
470,Sargassum palmeri,Sargassum palmeri,GBIF Backbone Taxonomy,0.988,Sargassum palmeri
471,Schizoplax brandtii,Schizoplax brandtii,GBIF Backbone Taxonomy,0.988,Schizoplax brandtii
472,Schizoporella unicornis,Schizoporella unicornis,GBIF Backbone Taxonomy,0.988,Schizoporella unicornis
473,Scinaia confusa,Scinaia confusa,GBIF Backbone Taxonomy,0.988,Scinaia confusa
474,Scinaia spp,Scinaia spp,GBIF Backbone Taxonomy,0.75,Scinaia
475,Scytosiphon spp,Scytosiphon spp,GBIF Backbone Taxonomy,0.75,Scytosiphon
476,Sea star,Sea star,GBIF Backbone Taxonomy,0.75,Sea
477,Lirabuccinum dirum,Lirabuccinum dirum,GBIF Backbone Taxonomy,0.988,Lirabuccinum dirum
478,Seila montereyensis,Seila montereyensis,GBIF Backbone Taxonomy,0.988,Seila montereyensis
479,Semibalanus cariosus,Semibalanus cariosus,GBIF Backbone Taxonomy,0.988,Semibalanus cariosus
480,Serpula vermicularis,Serpula vermicularis,GBIF Backbone Taxonomy,0.988,Serpula vermicularis
481,Serpulorbis squamigerus,Serpulorbis squamigerus,GBIF Backbone Taxonomy,0.988,Serpulorbis squamigerus
482,Serraticardia macmillanii,Serraticardia macmillanii,GBIF Backbone Taxonomy,0.75,Serraticardia macmillani
483,Sertularella turgida,Sertularella turgida,GBIF Backbone Taxonomy,0.988,Sertularella turgida
484,Silvetia compressa,Silvetia compressa,GBIF Backbone Taxonomy,0.75,Silvetia
485,Siphonaria brannii,Siphonaria brannii,GBIF Backbone Taxonomy,0.75,Siphonaria brannani
486,Siphonaria thersites,Siphonaria thersites,GBIF Backbone Taxonomy,0.988,Siphonaria thersites
487,Soranthera ulvoidea,Soranthera ulvoidea,GBIF Backbone Taxonomy,0.988,Soranthera ulvoidea
488,Sorella delicatula,Sorella delicatula,GBIF Backbone Taxonomy,0.988,Sorella delicatula
489,Sparlingia pertusa,Sparlingia pertusa,GBIF Backbone Taxonomy,0.988,Sparlingia pertusa
490,Sphacelaria californica,Sphacelaria californica,GBIF Backbone Taxonomy,0.988,Sphacelaria californica
491,Sphacelaria norrisii,Sphacelaria norrisii,GBIF Backbone Taxonomy,0.75,Sphacelaria norrisi
492,Sphacelaria plumigera,Sphacelaria plumigera,GBIF Backbone Taxonomy,0.988,Sphacelaria plumigera
493,Spheciospongia confoederata,Spheciospongia confoederata,GBIF Backbone Taxonomy,0.988,Spheciospongia confoederata
494,Spirobranchus spinosus,Spirobranchus spinosus,GBIF Backbone Taxonomy,0.988,Spirobranchus spinosus
495,Spirorbis spp,Spirorbis spp,GBIF Backbone Taxonomy,0.75,Spirorbis
496,Spyridia filamentosa,Spyridia filamentosa,GBIF Backbone Taxonomy,0.988,Spyridia filamentosa
497,Stenogramme interrupta,Stenogramme interrupta,GBIF Backbone Taxonomy,0.988,Stenogramme interrupta
498,Stenoplax conspicua,Stenoplax conspicua,GBIF Backbone Taxonomy,0.988,Stenoplax conspicua
499,Strongylocentrotus franciscanus,Strongylocentrotus franciscanus,GBIF Backbone Taxonomy,0.988,Strongylocentrotus franciscanus
500,Strongylocentrotus purpuratus,Strongylocentrotus purpuratus,GBIF Backbone Taxonomy,0.988,Strongylocentrotus purpuratus
501,Styela montereyensis,Styela montereyensis,GBIF Backbone Taxonomy,0.988,Styela montereyensis
502,Styela yakutatensis,Styela yakutatensis,GBIF Backbone Taxonomy,0.988,Styela yakutatensis
503,Suberites ficus,Suberites ficus,GBIF Backbone Taxonomy,0.988,Suberites ficus
504,Suberites sp,Suberites sp,GBIF Backbone Taxonomy,0.75,Suberites
505,Taliepus nuttallii,Taliepus nuttallii,GBIF Backbone Taxonomy,0.988,Taliepus nuttallii
506,Taonia lennebackerae,Taonia lennebackerae,GBIF Backbone Taxonomy,0.988,Taonia lennebackerae
507,Tedanione obscurata,Tedanione obscurata,GBIF Backbone Taxonomy,0.988,Tedanione obscurata
508,Tegula aureotincta,Tegula aureotincta,GBIF Backbone Taxonomy,0.988,Tegula aureotincta
509,Tegula brunnea,Tegula brunnea,GBIF Backbone Taxonomy,0.988,Tegula brunnea
510,Tegula eiseni,Tegula eiseni,GBIF Backbone Taxonomy,0.988,Tegula eiseni
511,Tegula funebralis,Tegula funebralis,GBIF Backbone Taxonomy,0.988,Tegula funebralis
512,Tegula funebralis/gallina,Tegula funebralis/gallina,GBIF Backbone Taxonomy,0.75,Tegula
513,Tegula gallina,Tegula gallina,GBIF Backbone Taxonomy,0.988,Tegula gallina
514,Tegula pulligo,Tegula pulligo,GBIF Backbone Taxonomy,0.988,Tegula pulligo
515,Terebellid,Terebellid,GBIF Backbone Taxonomy,0.5,Terebellidae
516,Terebellid,Terebellid,GBIF Backbone Taxonomy,0.5,Terebellides
517,Terebellid,Terebellid,GBIF Backbone Taxonomy,0.5,Terebellina
518,Tetraclita rubescens,Tetraclita rubescens,GBIF Backbone Taxonomy,0.988,Tetraclita rubescens
519,Thais biserialis,Thais biserialis,GBIF Backbone Taxonomy,0.988,Thais biserialis
520,Thalamoporella spp,Thalamoporella spp,GBIF Backbone Taxonomy,0.75,Thalamoporella
521,Thelepus crispus,Thelepus crispus,GBIF Backbone Taxonomy,0.988,Thelepus crispus
522,Tiffaniella snyderiae,Tiffaniella snyderiae,GBIF Backbone Taxonomy,0.988,Tiffaniella snyderiae
523,Tonicella lineata/lokii,Tonicella lineata/lokii,GBIF Backbone Taxonomy,0.75,Tonicella
524,Tricellaria occidentalis,Tricellaria occidentalis,GBIF Backbone Taxonomy,0.988,Tricellaria occidentalis
525,Tricolia pulloides,Tricolia pulloides,GBIF Backbone Taxonomy,0.988,Tricolia pulloides
526,Trimusculus reticulatus,Trimusculus reticulatus,GBIF Backbone Taxonomy,0.988,Trimusculus reticulatus
527,Triopha catalinae,Triopha catalinae,GBIF Backbone Taxonomy,0.988,Triopha catalinae
528,Trivia californiana,Trivia californiana,GBIF Backbone Taxonomy,0.988,Trivia californiana
529,Trivia solandri,Trivia solandri,GBIF Backbone Taxonomy,0.988,Trivia solandri
530,Trivia spp,Trivia spp,GBIF Backbone Taxonomy,0.75,Trivia
531,Tubularia marina,Tubularia marina,GBIF Backbone Taxonomy,0.988,Tubularia marina
532,Ulva spp,Ulva spp,GBIF Backbone Taxonomy,0.75,Ulva
533,Ulva taeniata,Ulva taeniata,GBIF Backbone Taxonomy,0.988,Ulva taeniata
534,Urosalpinx cinerea,Urosalpinx cinerea,GBIF Backbone Taxonomy,0.988,Urosalpinx cinerea
535,Urosalpinx subangulata,Urosalpinx subangulata,GBIF Backbone Taxonomy,0.988,Urosalpinx subangulata
536,Urospora spp,Urospora spp,GBIF Backbone Taxonomy,0.75,Urospora
537,Urticina crassicornis,Urticina crassicornis,GBIF Backbone Taxonomy,0.988,Urticina crassicornis
538,Velutina rubra,Velutina rubra,GBIF Backbone Taxonomy,0.988,Velutina rubra
539,Velutina spp,Velutina spp,GBIF Backbone Taxonomy,0.75,Velutina
540,Velutina velutina,Velutina velutina,GBIF Backbone Taxonomy,0.988,Velutina velutina
541,Volvarina taeniolata,Volvarina taeniolata,GBIF Backbone Taxonomy,0.988,Volvarina taeniolata
542,Williamia peltoides,Williamia peltoides,GBIF Backbone Taxonomy,0.988,Williamia peltoides
543,Zonaria farlowii,Zonaria farlowii,GBIF Backbone Taxonomy,0.988,Zonaria farlowii
544,Zostera spp,Zostera spp,GBIF Backbone Taxonomy,0.75,Zostera
